t,x,y,nx,ny
0,-166.4,172.4,0,0
0.034,-165.5,171.9,0.9,-0.5
0.068,-164.7,171.9,1.7,-0.5
0.102,-164.5,172.2,1.9,-0.2
0.135,-164.3,172.5,2.1,0.1
0.169,-164.1,172.7,2.3,0.3
0.203,-164.2,173,2.2,0.6
0.237,-164,173.3,2.4,0.9
0.271,-163.1,173.8,3.3,1.4
0.305,-162.2,174,4.2,1.6
0.338,-160.7,174.6,5.7,2.2
0.372,-158.9,175.3,7.5,2.9
0.406,-157.1,176.4,9.3,4
0.44,-155.2,177.8,11.2,5.4
0.474,-154,178.8,12.4,6.4
0.508,-153.4,179.4,13,7
0.541,-152.9,180.1,13.5,7.7
0.575,-152.9,180.2,13.5,7.8
0.609,-152.5,180,13.9,7.6
0.643,-151.3,179.2,15.1,6.8
0.677,-148.2,177.7,18.2,5.3
0.711,-144.6,176.6,21.8,4.2
0.744,-140.7,175.7,25.7,3.3
0.778,-136.4,175.4,30,3
0.812,-132.7,174.4,33.7,2
0.846,-130.3,173.1,36.1,0.7
0.88,-128.4,171.3,38,-1.1
0.914,-127.9,168.8,38.5,-3.6
0.947,-129.8,165.6,36.6,-6.8
0.981,-133.7,161.6,32.7,-10.8
1.015,-139.8,156.4,26.6,-16
1.049,-146.5,151.1,19.9,-21.3
1.083,-148.7,149.7,17.7,-22.7
1.117,-149.4,148.8,17,-23.6
1.15,-149.3,148.2,17.1,-24.2
1.184,-149.2,148,17.2,-24.4
1.218,-149,147.9,17.4,-24.5
1.252,-148.9,147.9,17.5,-24.5
1.286,-148.3,148.1,18.1,-24.3
1.32,-147.7,148.4,18.7,-24
1.353,-146.3,149.2,20.1,-23.2
1.387,-144.9,150,21.5,-22.4
1.421,-143.2,151.3,23.2,-21.1
1.455,-141.4,152.6,25,-19.8
1.489,-139.8,154.3,26.6,-18.1
1.523,-138.4,155.7,28,-16.7
1.556,-137.7,156.8,28.7,-15.6
1.59,-137,157.5,29.4,-14.9
1.624,-136.4,158.3,30,-14.1
1.658,-136.3,158.6,30.1,-13.8
1.692,-136.1,158.4,30.3,-14
1.726,-135.1,158.3,31.3,-14.1
1.759,-132.5,157.9,33.9,-14.5
1.793,-128.5,158,37.9,-14.4
1.827,-124,157.9,42.4,-14.5
1.861,-120.3,158.3,46.1,-14.1
1.895,-118.1,158.2,48.3,-14.2
1.929,-117.2,157.1,49.2,-15.3
1.962,-116.5,155.4,49.9,-17
1.996,-116.7,153.1,49.7,-19.3
2.03,-118.6,150,47.8,-22.4
2.064,-122.2,146,44.2,-26.4
2.098,-127.8,140.8,38.6,-31.6
2.132,-134.3,134.8,32.1,-37.6
2.165,-137.2,132.6,29.2,-39.8
2.199,-137.9,131.9,28.5,-40.5
2.233,-137.3,131.4,29.1,-41
2.267,-137,131.1,29.4,-41.3
2.301,-136.9,131,29.5,-41.4
2.335,-136.6,131,29.8,-41.4
2.369,-136.3,131.1,30.1,-41.3
2.402,-135.8,131.1,30.6,-41.3
2.436,-134.9,131.8,31.5,-40.6
2.47,-132.4,133.6,34,-38.8
2.504,-130.7,134.9,35.7,-37.5
2.538,-129,136.4,37.4,-36
2.572,-127.4,138.3,39,-34.1
2.605,-126.4,139.8,40,-32.6
2.639,-125.7,140.7,40.7,-31.7
2.673,-125.2,141.4,41.2,-31
2.707,-124.8,142.2,41.6,-30.2
2.741,-124.8,142.4,41.6,-30
2.775,-124.6,142.3,41.8,-30.1
2.808,-123.1,142.3,43.3,-30.1
2.842,-119.8,142.1,46.6,-30.3
2.876,-115.7,142.5,50.7,-29.9
2.91,-111.4,143.1,55,-29.3
2.944,-108.6,143.8,57.8,-28.6
2.978,-107,143.6,59.4,-28.8
3.011,-106.2,142.2,60.2,-30.2
3.045,-105.6,140.3,60.8,-32.1
3.079,-105.9,138.2,60.5,-34.2
3.113,-108,134.6,58.4,-37.8
3.147,-112,129.9,54.4,-42.5
3.181,-117.6,123.7,48.8,-48.7
3.214,-123.1,117.8,43.3,-54.6
3.248,-124.5,116.5,41.9,-55.9
3.282,-124.6,115.7,41.8,-56.7
3.316,-124,115.5,42.4,-56.9
3.35,-123.5,115.6,42.9,-56.8
3.384,-123,115.7,43.4,-56.7
3.417,-122.5,115.9,43.9,-56.5
3.451,-121.9,116.2,44.5,-56.2
3.485,-121.2,116.8,45.2,-55.6
3.519,-120,117.6,46.4,-54.8
3.553,-118.9,118.5,47.5,-53.9
3.587,-117.6,119.8,48.8,-52.6
3.62,-115.9,121.5,50.5,-50.9
3.654,-114.1,123.4,52.3,-49
3.688,-112.7,125.3,53.7,-47.1
3.722,-112.1,126.6,54.3,-45.8
3.756,-111.6,127.4,54.8,-45
3.79,-111.2,128.3,55.2,-44.1
3.823,-111.2,128.4,55.2,-44
3.857,-111,128.1,55.4,-44.3
3.891,-110.1,128.2,56.3,-44.2
3.925,-107.1,128.2,59.3,-44.2
3.959,-103.1,129.1,63.3,-43.3
3.993,-98.56,130,67.84,-42.4
4.026,-95.73,131,70.67,-41.4
4.06,-94.14,130.9,72.26,-41.5
4.094,-93.24,129.8,73.16,-42.6
4.128,-92.56,128.1,73.84,-44.3
4.162,-92.95,125.7,73.45,-46.7
4.196,-94.68,122.3,71.72,-50.1
4.229,-98.06,117.7,68.34,-54.7
4.263,-103.1,111.3,63.3,-61.1
4.297,-108.4,104.6,58,-67.8
4.331,-110.1,102.8,56.3,-69.6
4.365,-110.3,101.7,56.1,-70.7
4.399,-109.6,101.3,56.8,-71.1
4.432,-109.3,101.1,57.1,-71.3
4.466,-108.9,101.1,57.5,-71.3
4.5,-108.3,101.2,58.1,-71.2
4.534,-108,101.4,58.4,-71
4.568,-107.3,102,59.1,-70.4
4.602,-106.4,102.7,60,-69.7
4.635,-105,103.7,61.4,-68.7
4.669,-103.8,104.9,62.6,-67.5
4.703,-102.5,106.1,63.9,-66.3
4.737,-100.9,107.8,65.5,-64.6
4.771,-99.64,109.6,66.76,-62.8
4.805,-98.6,111.4,67.8,-61
4.839,-98.34,112.5,68.06,-59.9
4.872,-97.98,113.5,68.42,-58.9
4.906,-97.55,114.3,68.85,-58.1
4.94,-97.24,114.2,69.16,-58.2
4.974,-95.16,114.3,71.24,-58.1
5.008,-91.92,114.6,74.48,-57.8
5.042,-87.69,115.9,78.71,-56.5
5.075,-83.76,117.3,82.64,-55.1
5.109,-81.32,118.2,85.08,-54.2
5.143,-80.05,117.8,86.35,-54.6
5.177,-79.01,116.5,87.39,-55.9
5.211,-79.1,114.9,87.3,-57.5
5.245,-80.7,112,85.7,-60.4
5.278,-83.71,108,82.69,-64.4
5.312,-88.35,102.3,78.05,-70.1
5.346,-93.69,95.55,72.71,-76.85
5.38,-96.2,92.57,70.2,-79.83
5.414,-96.53,91.65,69.87,-80.75
5.448,-95.77,91.22,70.63,-81.18
5.481,-95.31,91.14,71.09,-81.26
5.515,-94.9,91.16,71.5,-81.24
5.549,-94.43,91.21,71.97,-81.19
5.583,-94.26,91.32,72.14,-81.08
5.617,-93.8,91.5,72.6,-80.9
5.651,-93.08,92.13,73.32,-80.27
5.684,-91.8,93.2,74.6,-79.2
5.718,-90.41,94.55,75.99,-77.85
5.752,-89.01,95.95,77.39,-76.45
5.786,-87.6,97.61,78.8,-74.79
5.82,-86.21,99.62,80.19,-72.78
5.854,-85.35,101.6,81.05,-70.8
5.887,-85.17,102.7,81.23,-69.7
5.921,-84.84,103.6,81.56,-68.8
5.955,-84.62,104.5,81.78,-67.9
5.989,-84.49,104.7,81.91,-67.7
6.023,-84.12,104.7,82.28,-67.7
6.057,-82.45,104.9,83.95,-67.5
6.09,-79.14,105.5,87.26,-66.9
6.124,-75.1,106.7,91.3,-65.7
6.158,-71.35,108.3,95.05,-64.1
6.192,-68.94,109.4,97.46,-63
6.226,-67.46,109.2,98.94,-63.2
6.26,-66.08,107.7,100.32,-64.7
6.293,-64.76,105.9,101.64,-66.5
6.327,-64.11,103,102.29,-69.4
6.361,-65.22,98.63,101.18,-73.77
6.395,-67.97,92.47,98.43,-79.93
6.429,-72.36,84.23,94.04,-88.17
6.463,-76.21,77.49,90.19,-94.91
6.496,-77.01,75.92,89.39,-96.48
6.53,-76.72,74.93,89.68,-97.47
6.564,-75.86,74.8,90.54,-97.6
6.598,-75.14,75.16,91.26,-97.24
6.632,-74.72,75.57,91.68,-96.83
6.666,-74.19,76.03,92.21,-96.37
6.699,-73.56,76.62,92.84,-95.78
6.733,-72.75,77.39,93.65,-95.01
6.767,-71.81,78.41,94.59,-93.99
6.801,-70.43,79.87,95.97,-92.53
6.835,-69.2,81.3,97.2,-91.1
6.869,-67.89,82.93,98.51,-89.47
6.902,-66.62,85.16,99.78,-87.24
6.936,-65.52,87.03,100.88,-85.37
6.97,-65.01,88.67,101.39,-83.73
7.004,-64.77,89.56,101.63,-82.84
7.038,-64.57,90.57,101.83,-81.83
7.072,-64.62,90.8,101.78,-81.6
7.106,-64.44,90.78,101.96,-81.62
7.139,-63.69,90.89,102.71,-81.51
7.173,-61.1,91.66,105.3,-80.74
7.207,-57.53,93.24,108.87,-79.16
7.241,-53.56,95.15,112.84,-77.25
7.275,-50.89,96.88,115.51,-75.52
7.309,-47.93,96.77,118.47,-75.63
7.342,-46.86,95.17,119.54,-77.23
7.376,-46.35,93.02,120.05,-79.38
7.41,-46.85,89.39,119.55,-83.01
7.444,-48.63,83.95,117.77,-88.45
7.478,-51.85,76.56,114.55,-95.84
7.512,-55.35,68.07,111.05,-104.33
7.545,-56.72,64.43,109.68,-107.97
7.579,-56.69,62.99,109.71,-109.41
7.613,-55.71,62.89,110.69,-109.51
