0,0.1,0,0.4108
0.02,0.12,0.0056,1.564
0.04,0.14,0.0897,4.0194
0.06,0.16,0.3439,4.4161
0.08,0.18,0.7022,3.4818
0.1,0.2,1.0561,4.7291
0.12,0.22,1.3904,7.2241
0.14,0.24,1.7177,8.5684
0.16,0.26,2.0444,9.3866
0.18,0.28,2.3724,11.1066
0.2,0.3,2.7013,12.4927
0.22,0.32,3.0307,12.7316
0.24,0.34,3.3604,13.4656
0.26,0.36,3.6906,14.3086
0.28,0.38,4.0212,14.6382
0.3,0.4,4.3519,14.7121
0.32,0.42,4.6828,14.6857
0.34,0.44,5.014,14.5924
0.36,0.46,5.3454,14.6251
0.38,0.48,5.6769,14.5975
0.4,0.5,6.0085,14.4553
0.42,0.52,6.3404,14.3816
0.44,0.54,6.6725,14.7695
0.46,0.56,7.0046,14.8213
0.48,0.58,7.3367,14.7631
0.5,0.6,7.669,14.96
0.52,0.62,8.0015,14.7997
0.54,0.64,8.334,14.385
0.56,0.66,8.6664,14.2046
0.58,0.68,8.9989,13.8587
0.6,0.7,9.3317,13.5393
0.62,0.72,9.6644,13.2677
0.64,0.74,9.9971,13.2402
0.66,0.76,10.3298,13.0196
0.68,0.78,10.6627,13.0253
0.7,0.8,10.9956,13.2008
0.72,0.82,11.3285,13.2456
0.74,0.84,11.6614,13.1065
0.76,0.86,11.9942,12.7279
0.78,0.88,12.3271,12.5749
0.8,0.9,12.66,12.2608
0.82,0.92,12.993,12.141
0.84,0.94,13.326,12.2274
0.86,0.96,13.6591,12.1017
0.88,0.98,13.9921,11.9371
0.9,1,14.3251,11.8718
0.92,1.02,14.6581,11.6807
0.94,1.04,14.9912,11.5147
0.96,1.06,15.3243,11.404
0.98,1.08,15.6572,11.3011
1,1.1,15.9903,11.2377
1.02,1.12,16.3235,10.982
1.04,1.14,16.6566,10.7964
1.06,1.16,16.9897,10.741
1.08,1.18,17.3226,10.7158
1.1,1.2,17.6557,10.7818
1.12,1.22,17.9889,10.6269
1.14,1.24,18.3219,10.6247
1.16,1.26,18.655,10.2573
1.18,1.28,18.9881,9.997
1.2,1.3,19.3212,10.2231
1.22,1.32,19.6543,10.0001
1.24,1.34,19.9874,10.0164
1.26,1.36,20.3205,9.9807
1.28,1.38,20.6537,9.8257
1.3,1.4,20.9868,9.8461
1.32,1.42,21.3198,9.8816
1.34,1.44,21.653,9.8199
1.36,1.46,21.9862,9.6897
1.38,1.48,22.3193,9.6691
1.4,1.5,22.6523,9.5879
1.42,1.52,22.9854,9.5007
1.44,1.54,23.3186,9.4737
1.46,1.56,23.6518,9.3225
1.48,1.58,23.9849,9.0843
1.5,1.6,24.3178,8.8684
1.52,1.62,24.6509,8.9819
1.54,1.64,24.9841,8.9642
1.56,1.66,25.3172,8.9512
1.58,1.68,25.6503,8.8665
1.6,1.7,25.9835,8.831
1.62,1.72,26.3166,8.7651
1.64,1.74,26.6497,8.743
1.66,1.76,26.9828,8.7424
1.68,1.78,27.316,8.6709
1.7,1.8,27.6491,8.6379
1.72,1.82,27.9822,8.5291
1.74,1.84,28.3152,8.3947
1.76,1.86,28.6484,8.3923
1.78,1.88,28.9817,8.2865
1.8,1.9,29.3148,8.2606
1.82,1.92,29.6478,8.3363
1.84,1.94,29.9808,8.3343
1.86,1.96,30.314,8.223
1.88,1.98,30.6472,8.1782
1.9,2,30.9803,8.2221
1.92,2.02,31.3133,8.1448
1.94,2.04,31.6465,8.0604
1.96,2.06,31.9797,8.023
1.98,2.08,32.3128,7.8619
2,2.1,32.6459,7.7873
2.02,2.12,32.979,7.6895
2.04,2.14,33.3121,7.5573
2.06,2.16,33.6452,7.4957
2.08,2.18,33.9783,7.4908
2.1,2.2,34.3115,7.4535
2.12,2.22,34.6446,7.414
2.14,2.24,34.9777,7.5088
2.16,2.26,35.3108,7.4875
2.18,2.28,35.644,7.3744
2.2,2.3,35.9772,7.4048
2.22,2.32,36.3103,7.2711
2.24,2.34,36.6432,7.1716
2.26,2.36,36.9762,7.0949
2.28,2.38,37.3095,7.0892
2.3,2.4,37.6427,6.9845
2.32,2.42,37.9758,6.9128
2.34,2.44,38.3089,6.9383
2.36,2.46,38.642,6.8938
2.38,2.48,38.9752,6.7964
2.4,2.5,39.3083,6.7134
2.42,2.52,39.6413,6.7361
2.44,2.54,39.9744,6.7867
2.46,2.56,40.3076,6.729
2.48,2.58,40.6408,6.71
2.5,2.6,40.9739,6.6469
2.52,2.62,41.307,6.5425
2.54,2.64,41.6402,6.3738
2.56,2.66,41.9733,6.305
2.58,2.68,42.3063,6.3859
2.6,2.7,42.6394,6.3183
2.62,2.72,42.9726,6.325
2.64,2.74,43.3057,6.2744
2.66,2.76,43.6388,6.1669
2.68,2.78,43.9719,6.0462
2.7,2.8,44.3051,5.9782
2.72,2.82,44.6382,6.0613
2.74,2.84,44.9713,6.12
2.76,2.86,45.3043,6.1011
2.78,2.88,45.6375,5.992
2.8,2.9,45.9707,5.8348
2.82,2.92,46.3038,5.7424
2.84,2.94,46.6369,5.6639
2.86,2.96,46.9701,5.6848
2.88,2.98,47.3032,5.7376
2.9,3,47.6364,5.7465
2.92,3.02,47.9695,5.7509
2.94,3.04,48.3026,5.6555
2.96,3.06,48.6357,5.5965
2.98,3.08,48.9687,5.6033
3,3.1,49.3017,5.6305
3.02,3.12,49.6349,5.6416
3.04,3.14,49.9681,5.6701
3.06,3.16,50.3013,5.67
3.08,3.18,50.6343,5.5985
3.1,3.2,50.9674,5.587
3.12,3.22,51.3006,5.5108
3.14,3.24,51.6338,5.4607
3.16,3.26,51.9668,5.4491
3.18,3.28,52.2999,5.3371
3.2,3.3,52.6331,5.3563
3.22,3.32,52.9663,5.2695
3.24,3.34,53.2994,5.2275
3.26,3.36,53.6324,5.131
3.28,3.38,53.9655,5.082
3.3,3.4,54.2986,5.1718
3.32,3.42,54.6317,5.195
3.34,3.44,54.9648,5.1893
3.36,3.46,55.298,5.0597
3.38,3.48,55.6312,5.0148
3.4,3.5,55.9642,5.0395
3.42,3.52,56.2973,4.9895
3.44,3.54,56.6305,4.9984
3.46,3.56,56.9637,4.9226
3.48,3.58,57.2968,4.8515
3.5,3.6,57.6298,4.8765
3.52,3.62,57.963,4.8622
3.54,3.64,58.2962,4.9332
3.56,3.66,58.6293,4.8831
3.58,3.68,58.9624,4.8458
3.6,3.7,59.2954,4.8541
3.62,3.72,59.6286,4.796
3.64,3.74,59.9618,4.8209
3.66,3.76,60.2949,4.7908
3.68,3.78,60.628,4.7892
3.7,3.8,60.961,4.7677
3.72,3.82,61.2941,4.7061
3.74,3.84,61.6272,4.6935
3.76,3.86,61.9604,4.6645
3.78,3.88,62.2936,4.6447
3.8,3.9,62.6267,4.6479
3.82,3.92,62.9598,4.6413
3.84,3.94,63.2929,4.6473
3.86,3.96,63.626,4.6393
3.88,3.98,63.9592,4.6568
3.9,4,64.2923,4.6111
3.92,4.02,64.6253,4.589
3.94,4.04,64.9584,4.6274
3.96,4.06,65.2917,4.6675
3.98,4.08,65.6248,4.6657
4,4.1,65.9579,4.6109
4.02,4.12,66.2909,4.6164
4.04,4.14,66.6241,4.6026
4.06,4.16,66.9573,4.5385
4.08,4.18,67.2904,4.5346
4.1,4.2,67.6235,4.5329
4.12,4.22,67.9566,4.5227
4.14,4.24,68.2897,4.5105
4.16,4.26,68.6228,4.5127
4.18,4.28,68.956,4.5154
4.2,4.3,69.2891,4.5363
4.22,4.32,69.6222,4.5452
4.24,4.34,69.9553,4.5362
4.26,4.36,70.2883,4.5766
4.28,4.38,70.6215,4.5691
4.3,4.4,70.9547,4.5105
4.32,4.42,71.2878,4.4783
4.34,4.44,71.6209,4.4622
4.36,4.46,71.954,4.4633
4.38,4.48,72.2873,4.4688
4.4,4.5,72.6205,4.4618
4.42,4.52,72.9534,4.4249
4.44,4.54,73.2864,4.41
4.46,4.56,73.6195,4.4043
4.48,4.58,73.9527,4.3996
4.5,4.6,74.2858,4.4158
4.52,4.62,74.6189,4.4397
4.54,4.64,74.9521,4.4725
4.56,4.66,75.2852,4.4815
4.58,4.68,75.6183,4.4445
4.6,4.7,75.9515,4.4205
4.62,4.72,76.2846,4.4634
4.64,4.74,76.6177,4.4981
4.66,4.76,76.9508,4.5067
4.68,4.78,77.2839,4.4658
4.7,4.8,77.6171,4.4336
4.72,4.82,77.9503,4.462
4.74,4.84,78.2834,4.4824
4.76,4.86,78.6164,4.4615
4.78,4.88,78.9495,4.5296
4.8,4.9,79.2827,4.5657
4.82,4.92,79.6158,4.6188
4.84,4.94,79.9489,4.6489
4.86,4.96,80.2819,4.5461
4.88,4.98,80.6151,4.524
4.9,5,80.9483,4.4955
4.92,5.02,81.2815,4.5029
4.94,5.04,81.6145,4.5834
4.96,5.06,81.9477,4.6379
4.98,5.08,82.2808,4.6443
5,5.1,82.6139,4.6513
5.02,5.12,82.947,4.6521
5.04,5.14,83.2802,4.6945
5.06,5.16,83.6133,4.7333
